Issue Key,Issue Type,Summary,Description,Priority,Story Points,Original Estimate,Component,Assignee,Labels
PROJ-1,Task,Design authentication flows,"Design login, registration screens",High,2,8.0h,Role-1,,"GoVan,AI-Scoped"
PROJ-2,Task,Implement JWT authentication,Set up JWT tokens and middleware,High,3,12.0h,Role-3,,"GoVan,AI-Scoped"
PROJ-3,Task,Test authentication flows,"Test login, registration, password reset",High,2,6.0h,Role-6,,"GoVan,AI-Scoped"
PROJ-4,Task,Design product catalog,Design product listing and detail pages,High,3,12.0h,Role-1,,"GoVan,AI-Scoped"
PROJ-5,Task,Build product API,Create CRUD operations for products,High,4,16.0h,Role-3,,"GoVan,AI-Scoped"
PROJ-6,Task,Build product pages,Create product list and detail pages,High,4,14.0h,Role-2,,"GoVan,AI-Scoped"
PROJ-7,Task,Test product catalog,"Test CRUD, search, filtering",High,2,8.0h,Role-6,,"GoVan,AI-Scoped"
PROJ-8,Task,Design shopping cart,Design cart page and checkout flow,High,2,8.0h,Role-1,,"GoVan,AI-Scoped"
PROJ-9,Task,Build cart API,Create add/remove/update endpoints,High,2,10.0h,Role-3,,"GoVan,AI-Scoped"
PROJ-10,Task,Build cart interface,Create cart page and mini-cart,High,2,10.0h,Role-2,,"GoVan,AI-Scoped"
PROJ-11,Task,Test cart functionality,"Test add, remove, update, checkout",High,2,6.0h,Role-6,,"GoVan,AI-Scoped"
PROJ-12,Task,Design payment flows,Design payment and confirmation screens,High,2,10.0h,Role-1,,"GoVan,AI-Scoped"
PROJ-13,Task,Select payment provider,Research and select payment gateway,High,1,4.0h,Role-10,,"GoVan,AI-Scoped"
PROJ-14,Task,Integrate payment gateway,Integrate Stripe/PayPal,High,4,16.0h,Role-3,,"GoVan,AI-Scoped"
PROJ-15,Task,Build payment UI,Create checkout form and confirmation,High,2,10.0h,Role-2,,"GoVan,AI-Scoped"
PROJ-16,Task,Implement payment security,"PCI compliance, tokenization",High,2,8.0h,Role-8,,"GoVan,AI-Scoped"
PROJ-17,Task,Test payment processing,"Test success, failure, refund scenarios",High,2,10.0h,Role-6,,"GoVan,AI-Scoped"
PROJ-18,Task,Set up cloud infrastructure,Configure cloud services and networking,High,2,8.0h,Role-7,,"GoVan,AI-Scoped"
PROJ-19,Task,Set up CI/CD pipeline,Configure GitHub Actions and deployment,High,2,8.0h,Role-7,,"GoVan,AI-Scoped"
PROJ-20,Task,Project planning and setup,Create project timeline and sprint planning,High,1,4.0h,Role-9,,"GoVan,AI-Scoped"
PROJ-21,Task,Define testing strategy,Create test plan and QA strategy,Medium,1,4.0h,Role-6,,"GoVan,AI-Scoped"
